sat_id,x,y,z
0,-2907784.658588203,-5468747.56293488,4177730.1818299503
